index,time
0,2020-07-27 00:00:10.085
1,2020-07-27 00:00:10.879
2,2020-07-27 00:00:16.662
3,2020-07-27 00:00:22.186
4,2020-07-27 00:00:27.692
5,2020-07-27 00:00:34.226
6,2020-07-27 00:00:50.368
7,2020-07-27 00:01:03.186
8,2020-07-27 00:01:06.023
9,2020-07-27 00:01:07.096
10,2020-07-27 00:01:09.037
11,2020-07-27 00:01:12.487
12,2020-07-27 00:01:22.237
13,2020-07-27 00:01:24.592
14,2020-07-27 00:01:32.251
15,2020-07-27 00:01:34.030
16,2020-07-27 00:01:39.770
17,2020-07-27 00:01:41.095
18,2020-07-27 00:01:47.494
19,2020-07-27 00:01:50.344
20,2020-07-27 00:02:13.285
21,2020-07-27 00:02:18.385
22,2020-07-27 00:02:19.005
23,2020-07-27 00:02:21.120
24,2020-07-27 00:02:22.138
25,2020-07-27 00:02:26.285
26,2020-07-27 00:02:28.308
27,2020-07-27 00:02:32.250
28,2020-07-27 00:02:35.032
29,2020-07-27 00:02:36.033
30,2020-07-27 00:02:37.126
31,2020-07-27 00:02:48.571
32,2020-07-27 00:02:54.018
33,2020-07-27 00:02:58.006
34,2020-07-27 00:03:00.213
35,2020-07-27 00:03:04.559
36,2020-07-27 00:03:09.467
37,2020-07-27 00:03:13.007
38,2020-07-27 00:03:21.218
39,2020-07-27 00:03:22.216
40,2020-07-27 00:03:29.111
41,2020-07-27 00:03:30.885
42,2020-07-27 00:03:53.573
43,2020-07-27 00:03:54.706
44,2020-07-27 00:04:10.165
45,2020-07-27 00:04:16.686
46,2020-07-27 00:04:18.462
47,2020-07-27 00:04:19.492
48,2020-07-27 00:04:21.328
49,2020-07-27 00:04:25.975
50,2020-07-27 00:04:27.423
51,2020-07-27 00:04:31.312
52,2020-07-27 00:04:32.358
53,2020-07-27 00:04:33.017
54,2020-07-27 00:04:39.094
55,2020-07-27 00:04:39.405
56,2020-07-27 00:04:40.586
57,2020-07-27 00:05:00.345
58,2020-07-27 00:05:03.237
59,2020-07-27 00:05:04.013
60,2020-07-27 00:05:05.054
61,2020-07-27 00:05:15.363
62,2020-07-27 00:05:20.084
63,2020-07-27 00:05:30.797
64,2020-07-27 00:05:39.577
65,2020-07-27 00:05:47.289
66,2020-07-27 00:05:50.045
67,2020-07-27 00:05:52.479
68,2020-07-27 00:05:54.186
69,2020-07-27 00:05:59.079
70,2020-07-27 00:06:01.037
71,2020-07-27 00:06:06.458
72,2020-07-27 00:06:11.358
73,2020-07-27 00:06:24.261
74,2020-07-27 00:06:28.411
75,2020-07-27 00:06:48.026
76,2020-07-27 00:06:50.376
77,2020-07-27 00:06:52.327
78,2020-07-27 00:06:54.073
79,2020-07-27 00:07:09.385
80,2020-07-27 00:08:28.177
81,2020-07-27 00:08:32.563
82,2020-07-27 00:08:33.510
83,2020-07-27 00:08:33.947
84,2020-07-27 00:08:34.063
85,2020-07-27 00:08:36.246
86,2020-07-27 00:08:41.532
87,2020-07-27 00:08:42.275
88,2020-07-27 00:08:47.403
89,2020-07-27 00:08:54.334
90,2020-07-27 00:09:00.166
91,2020-07-27 00:09:08.090
92,2020-07-27 00:09:09.302
93,2020-07-27 00:09:15.359
94,2020-07-27 00:09:30.367
95,2020-07-27 00:09:30.380
96,2020-07-27 00:09:31.016
97,2020-07-27 00:09:36.833
98,2020-07-27 00:09:48.059
99,2020-07-27 00:09:53.258
100,2020-07-27 00:10:03.045
101,2020-07-27 00:10:03.546
102,2020-07-27 00:10:07.567
103,2020-07-27 00:10:10.639
104,2020-07-27 00:10:19.879
105,2020-07-27 00:10:21.897
106,2020-07-27 00:10:24.526
107,2020-07-27 00:10:26.177
108,2020-07-27 00:10:29.326
109,2020-07-27 00:10:32.721
110,2020-07-27 00:10:36.469
111,2020-07-27 00:10:36.625
112,2020-07-27 00:10:38.404
113,2020-07-27 00:10:42.278
114,2020-07-27 00:10:45.364
115,2020-07-27 00:11:01.717
116,2020-07-27 00:11:03.368
117,2020-07-27 00:11:08.452
118,2020-07-27 00:11:13.072
119,2020-07-27 00:11:16.754
120,2020-07-27 00:11:19.110
121,2020-07-27 00:11:22.181
122,2020-07-27 00:11:24.351
123,2020-07-27 00:11:29.001
124,2020-07-27 00:11:30.708
125,2020-07-27 00:11:33.307
126,2020-07-27 00:11:36.750
127,2020-07-27 00:11:38.336
128,2020-07-27 00:11:40.608
129,2020-07-27 00:11:44.326
130,2020-07-27 00:11:50.975
131,2020-07-27 00:11:54.050
132,2020-07-27 00:11:58.512
133,2020-07-27 00:11:59.069
134,2020-07-27 00:12:08.244
135,2020-07-27 00:12:08.979
136,2020-07-27 00:12:14.569
137,2020-07-27 00:12:30.626
138,2020-07-27 00:12:42.427
139,2020-07-27 00:12:46.286
140,2020-07-27 00:12:48.575
141,2020-07-27 00:12:55.205
142,2020-07-27 00:12:56.889
143,2020-07-27 00:12:58.203
144,2020-07-27 00:13:02.616
145,2020-07-27 00:13:08.102
146,2020-07-27 00:13:17.285
147,2020-07-27 00:13:18.135
148,2020-07-27 00:13:19.364
149,2020-07-27 00:13:22.789
150,2020-07-27 00:13:23.397
151,2020-07-27 00:13:34.608
152,2020-07-27 00:13:35.042
153,2020-07-27 00:13:39.935
154,2020-07-27 00:13:40.016
155,2020-07-27 00:13:43.300
156,2020-07-27 00:13:44.455
157,2020-07-27 00:13:45.657
158,2020-07-27 00:13:49.833
159,2020-07-27 00:13:53.568
160,2020-07-27 00:13:58.897
161,2020-07-27 00:14:07.326
162,2020-07-27 00:14:10.138
163,2020-07-27 00:14:18.309
164,2020-07-27 00:14:22.843
165,2020-07-27 00:14:25.118
166,2020-07-27 00:14:35.314
167,2020-07-27 00:14:37.249
168,2020-07-27 00:14:39.503
169,2020-07-27 00:14:47.039
170,2020-07-27 00:14:51.383
171,2020-07-27 00:14:58.034
172,2020-07-27 00:15:00.286
173,2020-07-27 00:15:04.626
174,2020-07-27 00:15:14.277
175,2020-07-27 00:15:17.161
176,2020-07-27 00:15:28.034
177,2020-07-27 00:15:33.368
178,2020-07-27 00:15:44.564
179,2020-07-27 00:15:53.606
180,2020-07-27 00:15:56.331
181,2020-07-27 00:16:15.464
182,2020-07-27 00:16:18.337
183,2020-07-27 00:16:29.440
184,2020-07-27 00:16:30.674
185,2020-07-27 00:16:32.489
186,2020-07-27 00:16:43.204
187,2020-07-27 00:16:44.727
188,2020-07-27 00:16:52.887
189,2020-07-27 00:16:55.661
190,2020-07-27 00:16:56.461
191,2020-07-27 00:17:00.702
192,2020-07-27 00:17:01.340
193,2020-07-27 00:17:16.483
194,2020-07-27 00:17:23.745
195,2020-07-27 00:17:27.539
196,2020-07-27 00:17:34.308
197,2020-07-27 00:17:34.601
198,2020-07-27 00:17:38.464
199,2020-07-27 00:17:42.189
200,2020-07-27 00:17:44.427
201,2020-07-27 00:17:47.520
202,2020-07-27 00:17:53.234
203,2020-07-27 00:18:02.386
204,2020-07-27 00:18:08.251
205,2020-07-27 00:18:09.256
206,2020-07-27 00:18:16.529
207,2020-07-27 00:18:18.010
208,2020-07-27 00:18:27.219
209,2020-07-27 00:18:32.902
210,2020-07-27 00:18:35.945
211,2020-07-27 00:18:42.032
212,2020-07-27 00:18:47.457
213,2020-07-27 00:18:51.259
214,2020-07-27 00:18:52.431
215,2020-07-27 00:18:59.456
216,2020-07-27 00:19:09.175
217,2020-07-27 00:19:12.076
218,2020-07-27 00:19:17.222
219,2020-07-27 00:19:27.028
220,2020-07-27 00:19:32.321
221,2020-07-27 00:19:36.093
222,2020-07-27 00:19:44.558
223,2020-07-27 00:19:49.998
224,2020-07-27 00:19:51.850
225,2020-07-27 00:19:52.258
226,2020-07-27 00:20:06.654
227,2020-07-27 00:20:27.701
228,2020-07-27 00:20:31.540
229,2020-07-27 00:20:32.080
230,2020-07-27 00:20:32.877
231,2020-07-27 00:20:41.250
232,2020-07-27 00:20:43.550
233,2020-07-27 00:20:56.040
234,2020-07-27 00:20:57.494
235,2020-07-27 00:21:06.552
236,2020-07-27 00:21:09.049
237,2020-07-27 00:21:22.864
238,2020-07-27 00:21:24.230
239,2020-07-27 00:21:27.174
240,2020-07-27 00:21:28.397
241,2020-07-27 00:21:32.596
242,2020-07-27 00:21:42.523
243,2020-07-27 00:21:44.278
244,2020-07-27 00:21:46.342
245,2020-07-27 00:21:51.139
246,2020-07-27 00:21:54.600
247,2020-07-27 00:21:57.443
248,2020-07-27 00:22:00.684
249,2020-07-27 00:22:02.792
250,2020-07-27 00:22:06.204
251,2020-07-27 00:22:13.028
252,2020-07-27 00:22:31.405
253,2020-07-27 00:22:33.182
254,2020-07-27 00:22:36.721
255,2020-07-27 00:22:39.696
256,2020-07-27 00:22:40.352
257,2020-07-27 00:22:42.050
258,2020-07-27 00:22:45.022
259,2020-07-27 00:22:45.860
260,2020-07-27 00:22:47.643
261,2020-07-27 00:22:54.256
262,2020-07-27 00:22:58.600
263,2020-07-27 00:22:59.298
264,2020-07-27 00:23:03.299
265,2020-07-27 00:23:05.021
266,2020-07-27 00:23:08.704
267,2020-07-27 00:23:10.233
268,2020-07-27 00:23:10.391
269,2020-07-27 00:23:11.453
270,2020-07-27 00:23:14.357
271,2020-07-27 00:23:15.276
272,2020-07-27 00:23:21.442
273,2020-07-27 00:23:25.382
274,2020-07-27 00:23:27.450
275,2020-07-27 00:23:28.361
276,2020-07-27 00:23:29.018
277,2020-07-27 00:23:34.075
278,2020-07-27 00:23:34.251
279,2020-07-27 00:23:35.401
280,2020-07-27 00:23:36.503
281,2020-07-27 00:23:38.523
282,2020-07-27 00:23:39.232
283,2020-07-27 00:23:42.784
284,2020-07-27 00:23:44.555
285,2020-07-27 00:23:50.416
286,2020-07-27 00:23:53.201
287,2020-07-27 00:24:04.730
288,2020-07-27 00:24:06.593
289,2020-07-27 00:24:15.341
290,2020-07-27 00:24:22.251
291,2020-07-27 00:24:33.423
292,2020-07-27 00:24:36.151
293,2020-07-27 00:24:38.473
294,2020-07-27 00:24:39.115
295,2020-07-27 00:24:42.384
296,2020-07-27 00:24:42.850
297,2020-07-27 00:25:06.660
298,2020-07-27 00:25:12.303
299,2020-07-27 00:25:31.122
300,2020-07-27 00:25:35.363
301,2020-07-27 00:25:39.066
302,2020-07-27 00:25:47.077
303,2020-07-27 00:25:50.471
304,2020-07-27 00:25:50.801
305,2020-07-27 00:25:53.390
306,2020-07-27 00:25:57.086
307,2020-07-27 00:25:59.804
308,2020-07-27 00:26:06.927
309,2020-07-27 00:26:14.889
310,2020-07-27 00:26:18.010
311,2020-07-27 00:26:22.052
312,2020-07-27 00:26:38.516
313,2020-07-27 00:26:39.286
314,2020-07-27 00:26:43.755
315,2020-07-27 00:26:51.360
316,2020-07-27 00:26:54.751
317,2020-07-27 00:26:59.257
318,2020-07-27 00:27:04.596
319,2020-07-27 00:27:08.064
320,2020-07-27 00:27:12.596
321,2020-07-27 00:27:27.889
322,2020-07-27 00:27:32.654
323,2020-07-27 00:27:35.777
324,2020-07-27 00:27:38.375
325,2020-07-27 00:27:39.322
326,2020-07-27 00:27:41.362
327,2020-07-27 00:27:58.523
328,2020-07-27 00:28:24.500
329,2020-07-27 00:28:27.472
330,2020-07-27 00:28:34.477
331,2020-07-27 00:28:36.629
332,2020-07-27 00:28:41.032
333,2020-07-27 00:28:41.968
334,2020-07-27 00:28:50.421
335,2020-07-27 00:28:54.225
336,2020-07-27 00:29:16.053
337,2020-07-27 00:29:20.223
338,2020-07-27 00:29:21.116
339,2020-07-27 00:29:27.463
340,2020-07-27 00:29:36.561
341,2020-07-27 00:29:39.256
342,2020-07-27 00:29:40.107
343,2020-07-27 00:29:40.842
344,2020-07-27 00:29:43.665
345,2020-07-27 00:29:50.918
346,2020-07-27 00:29:53.659
347,2020-07-27 00:29:59.628
348,2020-07-27 00:30:08.560
349,2020-07-27 00:30:15.432
350,2020-07-27 00:30:26.238
351,2020-07-27 00:30:26.821
352,2020-07-27 00:30:33.210
353,2020-07-27 00:30:47.639
354,2020-07-27 00:30:48.279
355,2020-07-27 00:30:52.634
356,2020-07-27 00:30:52.686
357,2020-07-27 00:30:53.468
358,2020-07-27 00:31:08.087
359,2020-07-27 00:31:12.447
360,2020-07-27 00:31:25.948
361,2020-07-27 00:31:26.301
362,2020-07-27 00:31:35.143
363,2020-07-27 00:31:36.741
364,2020-07-27 00:31:47.945
365,2020-07-27 00:31:49.107
366,2020-07-27 00:31:54.170
367,2020-07-27 00:31:59.190
368,2020-07-27 00:32:02.499
369,2020-07-27 00:32:06.603
370,2020-07-27 00:32:13.235
371,2020-07-27 00:32:16.142
372,2020-07-27 00:32:30.844
373,2020-07-27 00:32:34.146
374,2020-07-27 00:32:35.257
375,2020-07-27 00:32:38.658
376,2020-07-27 00:32:40.654
377,2020-07-27 00:32:53.399
378,2020-07-27 00:32:54.593
379,2020-07-27 00:32:59.095
380,2020-07-27 00:33:03.294
381,2020-07-27 00:33:05.542
382,2020-07-27 00:33:07.657
383,2020-07-27 00:33:14.274
384,2020-07-27 00:33:17.213
385,2020-07-27 00:33:21.176
386,2020-07-27 00:33:25.279
387,2020-07-27 00:33:32.836
388,2020-07-27 00:33:40.066
389,2020-07-27 00:33:40.361
390,2020-07-27 00:33:50.619
391,2020-07-27 00:34:05.341
392,2020-07-27 00:34:05.571
393,2020-07-27 00:34:07.580
394,2020-07-27 00:34:10.765
395,2020-07-27 00:34:19.044
396,2020-07-27 00:34:27.877
397,2020-07-27 00:34:29.196
398,2020-07-27 00:34:30.066
399,2020-07-27 00:34:31.441
400,2020-07-27 00:34:33.188
401,2020-07-27 00:34:41.871
402,2020-07-27 00:34:42.134
403,2020-07-27 00:34:48.607
404,2020-07-27 00:34:50.041
405,2020-07-27 00:34:57.268
406,2020-07-27 00:35:01.276
407,2020-07-27 00:35:01.406
408,2020-07-27 00:35:04.100
409,2020-07-27 00:35:07.989
410,2020-07-27 00:35:10.294
411,2020-07-27 00:35:14.805
412,2020-07-27 00:35:17.111
413,2020-07-27 00:35:33.490
414,2020-07-27 00:35:37.068
415,2020-07-27 00:35:41.664
416,2020-07-27 00:35:45.654
417,2020-07-27 00:35:57.515
418,2020-07-27 00:35:59.385
419,2020-07-27 00:36:01.198
420,2020-07-27 00:36:07.549
421,2020-07-27 00:36:09.210
422,2020-07-27 00:36:15.016
423,2020-07-27 00:36:17.820
424,2020-07-27 00:36:25.121
425,2020-07-27 00:36:30.893
426,2020-07-27 00:36:33.616
427,2020-07-27 00:36:38.416
428,2020-07-27 00:36:42.753
429,2020-07-27 00:36:46.434
430,2020-07-27 00:36:47.419
431,2020-07-27 00:36:56.764
432,2020-07-27 00:36:56.890
433,2020-07-27 00:37:05.935
434,2020-07-27 00:37:06.916
435,2020-07-27 00:37:09.699
436,2020-07-27 00:37:20.487
437,2020-07-27 00:37:22.965
438,2020-07-27 00:37:23.328
439,2020-07-27 00:37:25.299
440,2020-07-27 00:37:31.142
441,2020-07-27 00:37:38.498
442,2020-07-27 00:37:50.527
443,2020-07-27 00:37:56.998
444,2020-07-27 00:37:59.627
445,2020-07-27 00:38:02.216
446,2020-07-27 00:38:08.530
447,2020-07-27 00:38:08.677
448,2020-07-27 00:38:13.172
449,2020-07-27 00:38:23.019
450,2020-07-27 00:38:24.525
451,2020-07-27 00:38:25.256
452,2020-07-27 00:38:30.895
453,2020-07-27 00:38:31.014
454,2020-07-27 00:38:35.355
455,2020-07-27 00:38:38.190
456,2020-07-27 00:38:39.383
457,2020-07-27 00:38:43.684
458,2020-07-27 00:38:57.746
459,2020-07-27 00:39:13.837
460,2020-07-27 00:39:28.921
461,2020-07-27 00:39:33.803
462,2020-07-27 00:39:39.500
463,2020-07-27 00:39:46.334
464,2020-07-27 00:39:51.392
465,2020-07-27 00:39:56.344
466,2020-07-27 00:40:01.594
467,2020-07-27 00:40:05.891
468,2020-07-27 00:40:06.558
469,2020-07-27 00:40:15.670
470,2020-07-27 00:40:17.864
471,2020-07-27 00:40:26.452
472,2020-07-27 00:40:27.725
473,2020-07-27 00:40:30.246
474,2020-07-27 00:40:33.824
475,2020-07-27 00:40:39.617
476,2020-07-27 00:40:40.032
477,2020-07-27 00:40:41.196
478,2020-07-27 00:40:41.504
479,2020-07-27 00:40:45.113
480,2020-07-27 00:40:46.858
481,2020-07-27 00:40:48.607
482,2020-07-27 00:40:58.018
483,2020-07-27 00:41:10.652
484,2020-07-27 00:41:13.440
485,2020-07-27 00:41:18.227
486,2020-07-27 00:41:25.700
487,2020-07-27 00:41:26.080
488,2020-07-27 00:41:30.545
489,2020-07-27 00:41:37.578
490,2020-07-27 00:41:43.993
491,2020-07-27 00:41:56.826
492,2020-07-27 00:41:58.072
493,2020-07-27 00:42:00.422
494,2020-07-27 00:42:03.872
495,2020-07-27 00:42:12.081
496,2020-07-27 00:42:17.924
497,2020-07-27 00:42:18.103
498,2020-07-27 00:42:20.552
499,2020-07-27 00:42:25.973
500,2020-07-27 00:42:30.154
501,2020-07-27 00:42:31.435
502,2020-07-27 00:42:37.174
503,2020-07-27 00:42:38.013
504,2020-07-27 00:42:42.295
505,2020-07-27 00:42:43.121
506,2020-07-27 00:42:50.962
507,2020-07-27 00:42:53.528
508,2020-07-27 00:42:54.735
509,2020-07-27 00:43:05.089
510,2020-07-27 00:43:05.303
511,2020-07-27 00:43:06.627
512,2020-07-27 00:43:09.749
513,2020-07-27 00:43:11.935
514,2020-07-27 00:43:12.579
515,2020-07-27 00:43:17.528
516,2020-07-27 00:43:21.572
517,2020-07-27 00:43:24.366
518,2020-07-27 00:43:28.050
519,2020-07-27 00:43:31.934
520,2020-07-27 00:43:32.490
521,2020-07-27 00:43:41.888
522,2020-07-27 00:43:47.975
523,2020-07-27 00:43:51.754
524,2020-07-27 00:44:07.789
525,2020-07-27 00:44:11.623
526,2020-07-27 00:44:13.751
527,2020-07-27 00:44:16.470
528,2020-07-27 00:44:17.884
529,2020-07-27 00:44:21.132
530,2020-07-27 00:44:34.395
531,2020-07-27 00:44:42.009
532,2020-07-27 00:45:00.544
533,2020-07-27 00:45:15.155
534,2020-07-27 00:45:21.208
535,2020-07-27 00:45:21.230
536,2020-07-27 00:45:25.061
537,2020-07-27 00:45:40.427
538,2020-07-27 00:45:44.059
539,2020-07-27 00:45:47.039
540,2020-07-27 00:45:49.222
541,2020-07-27 00:45:50.126
542,2020-07-27 00:45:51.149
543,2020-07-27 00:45:52.228
544,2020-07-27 00:45:58.849
545,2020-07-27 00:45:59.819
546,2020-07-27 00:46:04.287
547,2020-07-27 00:46:12.951
548,2020-07-27 00:46:22.656
549,2020-07-27 00:46:29.468
550,2020-07-27 00:46:33.227
551,2020-07-27 00:46:45.888
552,2020-07-27 00:46:46.046
553,2020-07-27 00:46:57.791
554,2020-07-27 00:47:04.136
555,2020-07-27 00:47:18.805
556,2020-07-27 00:47:20.669
557,2020-07-27 00:47:21.083
558,2020-07-27 00:47:25.956
559,2020-07-27 00:47:28.434
560,2020-07-27 00:47:37.461
561,2020-07-27 00:47:43.882
562,2020-07-27 00:47:46.030
563,2020-07-27 00:47:48.097
564,2020-07-27 00:47:49.376
565,2020-07-27 00:47:56.216
566,2020-07-27 00:47:58.015
567,2020-07-27 00:48:03.123
568,2020-07-27 00:48:08.610
569,2020-07-27 00:48:15.539
570,2020-07-27 00:48:19.638
571,2020-07-27 00:48:22.223
572,2020-07-27 00:48:26.367
573,2020-07-27 00:48:26.596
574,2020-07-27 00:48:31.717
575,2020-07-27 00:48:32.782
576,2020-07-27 00:48:51.912
577,2020-07-27 00:48:53.847
578,2020-07-27 00:48:59.840
579,2020-07-27 00:49:07.119
580,2020-07-27 00:49:11.304
581,2020-07-27 00:49:26.321
582,2020-07-27 00:49:31.346
583,2020-07-27 00:49:46.943
584,2020-07-27 00:49:58.542
585,2020-07-27 00:50:29.018
586,2020-07-27 00:50:30.251
587,2020-07-27 00:50:35.318
588,2020-07-27 00:50:37.195
589,2020-07-27 00:50:51.325
590,2020-07-27 00:50:59.485
591,2020-07-27 00:51:02.043
592,2020-07-27 00:51:05.649
593,2020-07-27 00:51:08.192
594,2020-07-27 00:51:16.046
595,2020-07-27 00:51:18.994
596,2020-07-27 00:51:22.377
597,2020-07-27 00:51:32.591
598,2020-07-27 00:51:34.221
599,2020-07-27 00:51:34.454
600,2020-07-27 00:51:34.591
601,2020-07-27 00:51:42.362
602,2020-07-27 00:51:53.324
603,2020-07-27 00:51:57.594
604,2020-07-27 00:52:05.332
605,2020-07-27 00:52:06.571
606,2020-07-27 00:52:11.162
607,2020-07-27 00:52:18.645
608,2020-07-27 00:52:24.432
609,2020-07-27 00:52:30.357
610,2020-07-27 00:52:31.895
611,2020-07-27 00:52:37.744
612,2020-07-27 00:52:41.488
613,2020-07-27 00:52:42.137
614,2020-07-27 00:52:44.177
615,2020-07-27 00:52:51.842
616,2020-07-27 00:53:12.840
617,2020-07-27 00:53:20.096
618,2020-07-27 00:53:25.343
619,2020-07-27 00:53:31.715
620,2020-07-27 00:53:40.806
621,2020-07-27 00:53:44.743
622,2020-07-27 00:53:44.886
623,2020-07-27 00:53:49.198
624,2020-07-27 00:53:49.549
625,2020-07-27 00:54:04.051
626,2020-07-27 00:54:15.900
627,2020-07-27 00:54:16.640
628,2020-07-27 00:54:31.745
629,2020-07-27 00:54:33.323
630,2020-07-27 00:54:47.879
631,2020-07-27 00:54:54.051
632,2020-07-27 00:54:56.840
633,2020-07-27 00:55:07.707
634,2020-07-27 00:55:13.053
635,2020-07-27 00:55:22.274
636,2020-07-27 00:55:23.446
637,2020-07-27 00:55:30.426
638,2020-07-27 00:55:48.911
639,2020-07-27 00:55:54.878
640,2020-07-27 00:56:02.033
641,2020-07-27 00:56:02.198
642,2020-07-27 00:56:02.294
643,2020-07-27 00:56:15.152
644,2020-07-27 00:56:26.303
645,2020-07-27 00:56:40.204
646,2020-07-27 00:56:43.389
647,2020-07-27 00:56:52.412
648,2020-07-27 00:56:59.415
649,2020-07-27 00:57:06.830
650,2020-07-27 00:57:07.973
651,2020-07-27 00:57:17.248
652,2020-07-27 00:57:19.666
653,2020-07-27 00:57:25.568
654,2020-07-27 00:57:30.140
655,2020-07-27 00:57:45.516
656,2020-07-27 00:57:46.641
657,2020-07-27 00:57:53.762
658,2020-07-27 00:57:54.781
659,2020-07-27 00:57:57.861
660,2020-07-27 00:58:07.298
661,2020-07-27 00:58:11.009
662,2020-07-27 00:58:15.474
663,2020-07-27 00:58:18.233
664,2020-07-27 00:58:23.127
665,2020-07-27 00:58:25.619
666,2020-07-27 00:58:26.936
667,2020-07-27 00:58:30.858
668,2020-07-27 00:58:30.939
669,2020-07-27 00:58:35.175
670,2020-07-27 00:58:37.203
671,2020-07-27 00:58:46.649
672,2020-07-27 00:58:49.362
673,2020-07-27 00:59:03.208
674,2020-07-27 00:59:10.519
675,2020-07-27 00:59:13.215
676,2020-07-27 00:59:17.769
677,2020-07-27 00:59:30.495
678,2020-07-27 00:59:36.663
679,2020-07-27 00:59:36.878
680,2020-07-27 00:59:40.657
681,2020-07-27 00:59:43.819
682,2020-07-27 00:59:47.714
683,2020-07-27 00:59:51.543
684,2020-07-27 00:59:54.294
685,2020-07-27 00:59:57.892
686,2020-07-27 01:00:06.191
687,2020-07-27 01:00:14.246
688,2020-07-27 01:00:16.317
689,2020-07-27 01:00:24.207
690,2020-07-27 01:00:37.370
691,2020-07-27 01:00:40.391
692,2020-07-27 01:00:45.005
693,2020-07-27 01:00:50.578
694,2020-07-27 01:00:57.342
695,2020-07-27 01:01:06.729
696,2020-07-27 01:01:12.404
697,2020-07-27 01:01:17.572
698,2020-07-27 01:01:18.507
699,2020-07-27 01:01:21.474
700,2020-07-27 01:01:49.177
701,2020-07-27 01:01:59.937
702,2020-07-27 01:02:04.189
703,2020-07-27 01:02:04.664
704,2020-07-27 01:02:11.972
705,2020-07-27 01:02:13.275
706,2020-07-27 01:02:15.253
707,2020-07-27 01:02:22.499
708,2020-07-27 01:02:35.732
709,2020-07-27 01:02:41.610
710,2020-07-27 01:03:01.840
711,2020-07-27 01:03:09.052
712,2020-07-27 01:03:18.817
713,2020-07-27 01:03:20.164
714,2020-07-27 01:03:21.312
715,2020-07-27 01:03:22.723
716,2020-07-27 01:03:42.346
717,2020-07-27 01:03:54.574
718,2020-07-27 01:03:54.589
719,2020-07-27 01:03:56.831
720,2020-07-27 01:03:57.930
721,2020-07-27 01:04:25.060
722,2020-07-27 01:04:54.314
723,2020-07-27 01:04:59.222
724,2020-07-27 01:05:12.045
725,2020-07-27 01:05:31.371
726,2020-07-27 01:05:44.709
727,2020-07-27 01:05:48.836
728,2020-07-27 01:06:14.332
729,2020-07-27 01:06:27.922
730,2020-07-27 01:06:30.375
731,2020-07-27 01:07:10.193
732,2020-07-27 01:07:49.408
733,2020-07-27 01:08:00.889
734,2020-07-27 01:08:01.021
735,2020-07-27 01:08:03.155
736,2020-07-27 01:08:12.724
737,2020-07-27 01:08:17.429
738,2020-07-27 01:08:29.076
739,2020-07-27 01:08:31.925
740,2020-07-27 01:09:08.486
741,2020-07-27 01:09:10.675
742,2020-07-27 01:09:38.263
743,2020-07-27 01:09:50.007
744,2020-07-27 01:10:14.733
745,2020-07-27 01:10:40.912
746,2020-07-27 01:10:56.482
747,2020-07-27 01:11:07.870
748,2020-07-27 01:11:27.782
749,2020-07-27 01:11:35.448
750,2020-07-27 01:11:50.537
751,2020-07-27 01:11:57.152
752,2020-07-27 01:12:09.373
753,2020-07-27 01:12:52.254
754,2020-07-27 01:13:03.989
755,2020-07-27 01:13:07.500
756,2020-07-27 01:13:22.736
757,2020-07-27 01:13:24.798
758,2020-07-27 01:13:27.247
759,2020-07-27 01:14:13.509
760,2020-07-27 01:14:27.227
761,2020-07-27 01:14:35.426
762,2020-07-27 01:14:42.686
763,2020-07-27 01:15:12.278
764,2020-07-27 01:15:18.247
765,2020-07-27 01:15:41.846
766,2020-07-27 01:15:58.816
767,2020-07-27 01:16:06.899
768,2020-07-27 01:16:11.221
769,2020-07-27 01:16:14.258
770,2020-07-27 01:16:33.249
771,2020-07-27 01:16:33.267
772,2020-07-27 01:16:47.231
773,2020-07-27 01:16:47.550
774,2020-07-27 01:16:55.436
775,2020-07-27 01:17:18.762
776,2020-07-27 01:17:29.789
777,2020-07-27 01:17:43.217
778,2020-07-27 01:18:22.205
779,2020-07-27 01:18:47.877
780,2020-07-27 01:18:49.345
781,2020-07-27 01:18:52.176
782,2020-07-27 01:18:54.151
783,2020-07-27 01:19:19.163
784,2020-07-27 01:19:20.403
785,2020-07-27 01:19:48.918
786,2020-07-27 01:19:55.969
787,2020-07-27 01:20:05.630
788,2020-07-27 01:20:11.268
789,2020-07-27 01:20:12.310
790,2020-07-27 01:20:12.447
791,2020-07-27 01:20:24.515
792,2020-07-27 01:20:33.481
793,2020-07-27 01:21:09.574
794,2020-07-27 01:21:22.847
795,2020-07-27 01:21:24.744
796,2020-07-27 01:21:34.407
797,2020-07-27 01:21:42.847
798,2020-07-27 01:21:46.301
799,2020-07-27 01:22:09.080
800,2020-07-27 01:22:32.978
801,2020-07-27 01:22:37.324
802,2020-07-27 01:22:50.265
803,2020-07-27 01:22:56.992
804,2020-07-27 01:22:59.656
805,2020-07-27 01:23:06.834
806,2020-07-27 01:23:08.945
807,2020-07-27 01:23:10.424
808,2020-07-27 01:23:13.523
809,2020-07-27 01:23:23.707
810,2020-07-27 01:23:28.060
811,2020-07-27 01:23:46.629
812,2020-07-27 01:24:27.214
813,2020-07-27 01:24:39.505
814,2020-07-27 01:24:49.544
815,2020-07-27 01:24:51.087
816,2020-07-27 01:25:12.300
817,2020-07-27 01:25:25.751
818,2020-07-27 01:25:27.279
819,2020-07-27 01:25:46.311
820,2020-07-27 01:25:47.485
821,2020-07-27 01:25:50.943
822,2020-07-27 01:25:56.712
823,2020-07-27 01:25:59.344
824,2020-07-27 01:26:05.527
825,2020-07-27 01:26:07.186
826,2020-07-27 01:26:09.377
827,2020-07-27 01:26:29.763
828,2020-07-27 01:27:08.095
829,2020-07-27 01:27:18.186
830,2020-07-27 01:27:21.908
831,2020-07-27 01:27:48.937
832,2020-07-27 01:27:50.726
833,2020-07-27 01:28:16.653
834,2020-07-27 01:28:28.893
835,2020-07-27 01:28:59.779
836,2020-07-27 01:29:02.128
837,2020-07-27 01:29:05.047
838,2020-07-27 01:29:10.294
839,2020-07-27 01:29:12.338
840,2020-07-27 01:29:19.022
841,2020-07-27 01:29:24.243
842,2020-07-27 01:29:30.603
843,2020-07-27 01:29:31.140
844,2020-07-27 01:29:43.337
845,2020-07-27 01:29:51.618
846,2020-07-27 01:30:28.822
847,2020-07-27 01:30:29.039
848,2020-07-27 01:30:51.573
849,2020-07-27 01:30:57.816
850,2020-07-27 01:31:44.125
851,2020-07-27 01:32:10.795
852,2020-07-27 01:32:11.796
853,2020-07-27 01:32:15.814
854,2020-07-27 01:32:23.398
855,2020-07-27 01:32:48.218
856,2020-07-27 01:32:58.491
857,2020-07-27 01:33:04.831
858,2020-07-27 01:33:14.317
859,2020-07-27 01:33:22.717
860,2020-07-27 01:33:35.004
861,2020-07-27 01:33:53.361
862,2020-07-27 01:34:25.075
863,2020-07-27 01:34:33.367
864,2020-07-27 01:34:40.086
865,2020-07-27 01:34:50.934
866,2020-07-27 01:35:00.878
867,2020-07-27 01:35:04.310
868,2020-07-27 01:35:19.166
869,2020-07-27 01:35:20.442
870,2020-07-27 01:35:35.494
871,2020-07-27 01:35:46.098
872,2020-07-27 01:35:48.014
873,2020-07-27 01:35:53.232
874,2020-07-27 01:36:06.037
875,2020-07-27 01:36:17.042
876,2020-07-27 01:36:31.252
877,2020-07-27 01:37:34.994
878,2020-07-27 01:37:49.576
879,2020-07-27 01:37:55.729
880,2020-07-27 01:38:10.507
881,2020-07-27 01:38:11.352
882,2020-07-27 01:38:47.511
883,2020-07-27 01:38:55.295
884,2020-07-27 01:38:57.374
885,2020-07-27 01:39:44.335
886,2020-07-27 01:40:00.299
887,2020-07-27 01:40:08.115
888,2020-07-27 01:40:20.689
889,2020-07-27 01:40:31.247
890,2020-07-27 01:40:59.600
891,2020-07-27 01:41:05.494
892,2020-07-27 01:41:09.902
893,2020-07-27 01:41:20.031
894,2020-07-27 01:41:25.251
895,2020-07-27 01:41:33.174
896,2020-07-27 01:41:38.234
897,2020-07-27 01:41:51.796
898,2020-07-27 01:42:03.136
899,2020-07-27 01:42:03.815
900,2020-07-27 01:42:29.715
901,2020-07-27 01:42:32.728
902,2020-07-27 01:42:45.016
903,2020-07-27 01:42:55.670
904,2020-07-27 01:43:02.204
905,2020-07-27 01:43:35.982
906,2020-07-27 01:43:47.924
907,2020-07-27 01:43:48.625
908,2020-07-27 01:43:56.799
909,2020-07-27 01:44:08.777
910,2020-07-27 01:44:22.495
911,2020-07-27 01:44:42.337
912,2020-07-27 01:45:05.529
913,2020-07-27 01:45:12.443
914,2020-07-27 01:45:51.299
915,2020-07-27 01:45:51.407
916,2020-07-27 01:46:01.238
917,2020-07-27 01:46:03.337
918,2020-07-27 01:46:22.514
919,2020-07-27 01:46:56.799
920,2020-07-27 01:46:57.079
921,2020-07-27 01:46:57.537
922,2020-07-27 01:47:05.404
923,2020-07-27 01:47:06.017
924,2020-07-27 01:47:16.279
925,2020-07-27 01:47:17.950
926,2020-07-27 01:47:44.104
927,2020-07-27 01:48:05.244
928,2020-07-27 01:48:14.246
929,2020-07-27 01:48:20.554
930,2020-07-27 01:48:28.501
931,2020-07-27 01:48:41.382
932,2020-07-27 01:48:45.105
933,2020-07-27 01:48:46.679
934,2020-07-27 01:48:59.089
935,2020-07-27 01:49:04.229
936,2020-07-27 01:49:06.996
937,2020-07-27 01:49:45.681
938,2020-07-27 01:49:46.725
939,2020-07-27 01:50:00.356
940,2020-07-27 01:50:39.015
941,2020-07-27 01:50:46.044
942,2020-07-27 01:50:46.277
943,2020-07-27 01:50:46.970
944,2020-07-27 01:50:48.736
945,2020-07-27 01:50:53.851
946,2020-07-27 01:51:00.147
947,2020-07-27 01:51:07.808
948,2020-07-27 01:51:11.993
949,2020-07-27 01:51:34.120
950,2020-07-27 01:51:38.619
951,2020-07-27 01:51:45.812
952,2020-07-27 01:52:01.920
953,2020-07-27 01:52:03.457
954,2020-07-27 01:52:06.130
955,2020-07-27 01:52:17.828
956,2020-07-27 01:52:18.816
957,2020-07-27 01:52:18.901
958,2020-07-27 01:52:37.539
959,2020-07-27 01:52:41.304
960,2020-07-27 01:52:58.547
961,2020-07-27 01:52:59.858
962,2020-07-27 01:53:29.806
963,2020-07-27 01:53:46.231
964,2020-07-27 01:53:59.552
965,2020-07-27 01:54:07.094
966,2020-07-27 01:54:10.365
967,2020-07-27 01:54:14.012
968,2020-07-27 01:54:19.938
969,2020-07-27 01:54:33.981
970,2020-07-27 01:55:07.117
971,2020-07-27 01:55:07.512
972,2020-07-27 01:55:35.344
973,2020-07-27 01:55:40.059
974,2020-07-27 01:55:48.644
975,2020-07-27 01:55:53.385
976,2020-07-27 01:56:03.184
977,2020-07-27 01:56:23.260
978,2020-07-27 01:56:24.528
979,2020-07-27 01:56:26.065
980,2020-07-27 01:56:35.030
981,2020-07-27 01:56:38.975
982,2020-07-27 01:56:43.870
983,2020-07-27 01:56:48.649
984,2020-07-27 01:56:54.932
985,2020-07-27 01:56:55.864
986,2020-07-27 01:57:04.393
987,2020-07-27 01:57:10.374
988,2020-07-27 01:57:23.724
989,2020-07-27 01:57:26.047
990,2020-07-27 01:57:47.324
991,2020-07-27 01:58:03.681
992,2020-07-27 01:58:09.107
993,2020-07-27 01:58:12.182
994,2020-07-27 01:58:22.401
995,2020-07-27 01:58:33.651
996,2020-07-27 01:58:46.626
997,2020-07-27 01:59:14.268
998,2020-07-27 01:59:18.919
999,2020-07-27 01:59:20.580
1000,2020-07-27 01:59:24.187
1001,2020-07-27 01:59:38.107
1002,2020-07-27 01:59:50.926
1003,2020-07-27 02:00:07.669
1004,2020-07-27 02:00:30.779
1005,2020-07-27 02:00:35.788
1006,2020-07-27 02:00:39.276
1007,2020-07-27 02:00:54.919
1008,2020-07-27 02:01:25.623
1009,2020-07-27 02:01:33.191
1010,2020-07-27 02:01:45.040
1011,2020-07-27 02:01:51.008
1012,2020-07-27 02:02:36.182
1013,2020-07-27 02:03:06.321
1014,2020-07-27 02:03:09.342
1015,2020-07-27 02:03:14.460
1016,2020-07-27 02:03:17.948
1017,2020-07-27 02:03:18.665
1018,2020-07-27 02:03:19.901
1019,2020-07-27 02:03:27.526
1020,2020-07-27 02:03:33.676
1021,2020-07-27 02:03:40.853
1022,2020-07-27 02:04:01.371
1023,2020-07-27 02:04:14.238
1024,2020-07-27 02:04:30.328
1025,2020-07-27 02:04:53.672
1026,2020-07-27 02:04:54.198
1027,2020-07-27 02:04:55.873
1028,2020-07-27 02:05:23.371
1029,2020-07-27 02:05:30.739
1030,2020-07-27 02:05:51.651
1031,2020-07-27 02:05:53.668
1032,2020-07-27 02:06:07.080
1033,2020-07-27 02:07:22.657
1034,2020-07-27 02:07:26.202
1035,2020-07-27 02:07:26.564
1036,2020-07-27 02:07:38.378
1037,2020-07-27 02:07:39.820
1038,2020-07-27 02:08:32.575
1039,2020-07-27 02:08:58.002
1040,2020-07-27 02:09:04.141
1041,2020-07-27 02:09:12.875
1042,2020-07-27 02:09:35.251
1043,2020-07-27 02:09:35.806
1044,2020-07-27 02:10:19.152
1045,2020-07-27 02:10:36.199
1046,2020-07-27 02:11:09.279
1047,2020-07-27 02:11:22.713
1048,2020-07-27 02:11:35.009
1049,2020-07-27 02:11:50.616
1050,2020-07-27 02:12:00.521
1051,2020-07-27 02:12:18.388
1052,2020-07-27 02:12:52.024
1053,2020-07-27 02:13:10.616
1054,2020-07-27 02:13:19.302
1055,2020-07-27 02:13:30.590
1056,2020-07-27 02:13:38.584
1057,2020-07-27 02:13:45.483
1058,2020-07-27 02:14:09.255
1059,2020-07-27 02:14:27.101
1060,2020-07-27 02:14:35.388
1061,2020-07-27 02:14:39.083
1062,2020-07-27 02:15:30.656
1063,2020-07-27 02:15:33.203
1064,2020-07-27 02:15:45.012
1065,2020-07-27 02:16:27.612
1066,2020-07-27 02:16:46.592
1067,2020-07-27 02:16:51.506
1068,2020-07-27 02:17:56.801
1069,2020-07-27 02:18:16.269
1070,2020-07-27 02:18:33.229
1071,2020-07-27 02:18:48.951
1072,2020-07-27 02:18:55.743
1073,2020-07-27 02:19:06.788
1074,2020-07-27 02:19:07.302
1075,2020-07-27 02:20:08.333
1076,2020-07-27 02:20:29.221
1077,2020-07-27 02:20:43.782
1078,2020-07-27 02:21:30.973
1079,2020-07-27 02:21:46.413
1080,2020-07-27 02:22:52.243
1081,2020-07-27 02:22:59.610
1082,2020-07-27 02:23:12.752
1083,2020-07-27 02:23:51.402
1084,2020-07-27 02:23:53.336
1085,2020-07-27 02:23:55.028
1086,2020-07-27 02:24:02.200
1087,2020-07-27 02:24:31.665
1088,2020-07-27 02:24:43.623
1089,2020-07-27 02:25:23.851
1090,2020-07-27 02:25:37.528
1091,2020-07-27 02:26:03.975
1092,2020-07-27 02:26:37.235
1093,2020-07-27 02:27:06.226
1094,2020-07-27 02:27:14.700
1095,2020-07-27 02:28:15.537
1096,2020-07-27 02:28:43.037
1097,2020-07-27 02:28:50.452
1098,2020-07-27 02:28:52.197
1099,2020-07-27 02:29:29.368
1100,2020-07-27 02:29:55.262
1101,2020-07-27 02:30:02.068
1102,2020-07-27 02:30:05.606
1103,2020-07-27 02:30:12.105
1104,2020-07-27 02:30:12.125
1105,2020-07-27 02:30:13.538
1106,2020-07-27 02:30:14.395
1107,2020-07-27 02:30:41.260
1108,2020-07-27 02:32:23.384
1109,2020-07-27 02:32:26.795
1110,2020-07-27 02:32:28.967
1111,2020-07-27 02:32:44.124
1112,2020-07-27 02:33:06.379
1113,2020-07-27 02:33:10.056
1114,2020-07-27 02:33:26.803
1115,2020-07-27 02:33:47.588
1116,2020-07-27 02:33:49.432
1117,2020-07-27 02:33:59.969
1118,2020-07-27 02:34:01.807
1119,2020-07-27 02:34:38.490
1120,2020-07-27 02:34:53.060
1121,2020-07-27 02:35:35.479
1122,2020-07-27 02:35:36.989
1123,2020-07-27 02:35:55.375
1124,2020-07-27 02:36:18.618
1125,2020-07-27 02:36:25.891
1126,2020-07-27 02:36:54.805
1127,2020-07-27 02:37:11.111
1128,2020-07-27 02:37:24.015
1129,2020-07-27 02:37:54.308
1130,2020-07-27 02:38:10.379
1131,2020-07-27 02:38:14.449
1132,2020-07-27 02:38:18.290
1133,2020-07-27 02:38:20.004
1134,2020-07-27 02:38:27.318
1135,2020-07-27 02:38:44.826
1136,2020-07-27 02:38:51.612
1137,2020-07-27 02:38:56.007
1138,2020-07-27 02:39:53.516
1139,2020-07-27 02:40:02.493
1140,2020-07-27 02:40:05.760
1141,2020-07-27 02:41:02.538
1142,2020-07-27 02:41:09.568
1143,2020-07-27 02:41:33.285
1144,2020-07-27 02:42:11.320
1145,2020-07-27 02:42:24.165
1146,2020-07-27 02:42:27.309
1147,2020-07-27 02:42:43.487
1148,2020-07-27 02:43:08.062
1149,2020-07-27 02:43:43.839
1150,2020-07-27 02:43:53.312
1151,2020-07-27 02:43:57.014
1152,2020-07-27 02:43:59.998
1153,2020-07-27 02:44:04.988
1154,2020-07-27 02:44:05.537
1155,2020-07-27 02:44:55.786
1156,2020-07-27 02:45:03.766
1157,2020-07-27 02:45:14.204
1158,2020-07-27 02:45:42.873
1159,2020-07-27 02:45:43.438
1160,2020-07-27 02:45:54.137
1161,2020-07-27 02:46:43.966
1162,2020-07-27 02:46:58.911
1163,2020-07-27 02:47:44.724
1164,2020-07-27 02:48:09.580
1165,2020-07-27 02:48:20.205
1166,2020-07-27 02:48:22.661
1167,2020-07-27 02:48:24.117
1168,2020-07-27 02:48:44.662
1169,2020-07-27 02:48:53.612
1170,2020-07-27 02:49:03.521
1171,2020-07-27 02:49:48.814
1172,2020-07-27 02:50:02.551
1173,2020-07-27 02:50:42.613
1174,2020-07-27 02:50:50.902
1175,2020-07-27 02:51:04.614
1176,2020-07-27 02:51:04.630
1177,2020-07-27 02:51:11.790
1178,2020-07-27 02:51:39.560
1179,2020-07-27 02:51:50.351
1180,2020-07-27 02:52:04.718
1181,2020-07-27 02:52:11.928
1182,2020-07-27 02:52:52.017
1183,2020-07-27 02:53:22.713
1184,2020-07-27 02:53:26.704
1185,2020-07-27 02:53:32.212
1186,2020-07-27 02:54:07.683
1187,2020-07-27 02:54:07.810
1188,2020-07-27 02:54:10.277
1189,2020-07-27 02:54:24.760
1190,2020-07-27 02:54:50.237
1191,2020-07-27 02:56:02.281
1192,2020-07-27 02:57:05.055
1193,2020-07-27 02:57:05.564
1194,2020-07-27 02:57:21.946
1195,2020-07-27 02:57:48.044
1196,2020-07-27 02:57:48.230
1197,2020-07-27 02:58:43.447
1198,2020-07-27 02:58:44.242
1199,2020-07-27 02:58:52.156
1200,2020-07-27 02:58:58.104
1201,2020-07-27 02:59:34.597
1202,2020-07-27 02:59:55.593
1203,2020-07-27 03:00:09.984
1204,2020-07-27 03:00:24.873
1205,2020-07-27 03:00:38.656
1206,2020-07-27 03:00:51.392
1207,2020-07-27 03:00:57.665
1208,2020-07-27 03:02:40.833
1209,2020-07-27 03:02:57.976
1210,2020-07-27 03:04:07.162
1211,2020-07-27 03:05:24.340
1212,2020-07-27 03:06:32.409
1213,2020-07-27 03:06:49.730
1214,2020-07-27 03:06:53.486
1215,2020-07-27 03:07:06.490
1216,2020-07-27 03:08:20.446
1217,2020-07-27 03:09:44.182
1218,2020-07-27 03:11:02.691
1219,2020-07-27 03:11:05.944
1220,2020-07-27 03:11:31.588
1221,2020-07-27 03:12:50.997
1222,2020-07-27 03:12:59.896
1223,2020-07-27 03:13:52.386
1224,2020-07-27 03:16:09.317
1225,2020-07-27 03:16:16.629
1226,2020-07-27 03:16:25.153
1227,2020-07-27 03:16:51.905
1228,2020-07-27 03:17:05.586
1229,2020-07-27 03:17:18.186
1230,2020-07-27 03:17:41.283
1231,2020-07-27 03:18:29.981
1232,2020-07-27 03:19:03.317
1233,2020-07-27 03:20:02.701
1234,2020-07-27 03:20:21.862
1235,2020-07-27 03:20:50.841
1236,2020-07-27 03:22:23.471
1237,2020-07-27 03:22:39.962
1238,2020-07-27 03:23:03.732
1239,2020-07-27 03:23:12.548
1240,2020-07-27 03:23:18.595
1241,2020-07-27 03:26:33.955
1242,2020-07-27 03:26:44.389
1243,2020-07-27 03:28:12.398
1244,2020-07-27 03:28:34.276
1245,2020-07-27 03:28:57.921
1246,2020-07-27 03:28:59.309
1247,2020-07-27 03:29:04.493
1248,2020-07-27 03:29:06.356
1249,2020-07-27 03:30:45.310
1250,2020-07-27 03:31:16.214
1251,2020-07-27 03:31:31.909
1252,2020-07-27 03:32:38.822
1253,2020-07-27 03:34:39.479
1254,2020-07-27 03:35:51.216
1255,2020-07-27 03:36:10.968
1256,2020-07-27 03:36:17.695
1257,2020-07-27 03:36:40.389
1258,2020-07-27 03:37:05.614
1259,2020-07-27 03:38:20.122
1260,2020-07-27 03:38:39.381
1261,2020-07-27 03:38:42.023
1262,2020-07-27 03:38:46.886
1263,2020-07-27 03:38:49.652
1264,2020-07-27 03:38:57.147
1265,2020-07-27 03:39:01.868
1266,2020-07-27 03:39:18.929
1267,2020-07-27 03:40:55.815
1268,2020-07-27 03:41:35.632
1269,2020-07-27 03:41:52.419
1270,2020-07-27 03:42:33.406
1271,2020-07-27 03:43:29.946
1272,2020-07-27 03:43:41.878
1273,2020-07-27 03:45:16.160
1274,2020-07-27 03:45:44.260
1275,2020-07-27 03:46:25.407
1276,2020-07-27 03:47:15.348
1277,2020-07-27 03:47:21.824
1278,2020-07-27 03:47:43.760
1279,2020-07-27 03:49:21.631
1280,2020-07-27 03:49:56.167
1281,2020-07-27 03:50:26.776
1282,2020-07-27 03:50:35.547
1283,2020-07-27 03:50:50.575
1284,2020-07-27 03:51:32.410
1285,2020-07-27 03:52:06.280
1286,2020-07-27 03:52:31.662
1287,2020-07-27 03:52:34.283
1288,2020-07-27 03:52:37.688
1289,2020-07-27 03:53:51.242
1290,2020-07-27 03:53:51.809
1291,2020-07-27 03:55:08.910
1292,2020-07-27 03:56:26.552
1293,2020-07-27 03:56:31.689
1294,2020-07-27 03:56:58.132
1295,2020-07-27 03:57:47.786
1296,2020-07-27 03:57:55.559
1297,2020-07-27 03:58:10.192
1298,2020-07-27 03:58:20.197
1299,2020-07-27 03:58:29.823
1300,2020-07-27 03:58:35.133
1301,2020-07-27 03:59:06.038
1302,2020-07-27 03:59:52.797
1303,2020-07-27 04:00:25.506
1304,2020-07-27 04:00:49.331
1305,2020-07-27 04:01:33.134
1306,2020-07-27 04:01:59.292
1307,2020-07-27 04:02:38.143
1308,2020-07-27 04:03:28.316
1309,2020-07-27 04:03:51.182
1310,2020-07-27 04:04:53.296
1311,2020-07-27 04:04:54.930
1312,2020-07-27 04:05:32.308
1313,2020-07-27 04:05:42.146
1314,2020-07-27 04:05:49.805
1315,2020-07-27 04:05:53.913
1316,2020-07-27 04:06:29.976
1317,2020-07-27 04:07:01.399
1318,2020-07-27 04:07:51.276
1319,2020-07-27 04:10:19.973
1320,2020-07-27 04:12:01.313
1321,2020-07-27 04:12:16.436
1322,2020-07-27 04:13:52.217
1323,2020-07-27 04:14:03.113
1324,2020-07-27 04:14:22.576
1325,2020-07-27 04:14:25.033
1326,2020-07-27 04:14:34.718
1327,2020-07-27 04:15:27.181
1328,2020-07-27 04:17:30.370
1329,2020-07-27 04:17:35.145
1330,2020-07-27 04:18:29.282
1331,2020-07-27 04:19:22.288
1332,2020-07-27 04:22:07.610
1333,2020-07-27 04:22:26.843
1334,2020-07-27 04:24:12.772
1335,2020-07-27 04:24:14.477
1336,2020-07-27 04:25:23.739
1337,2020-07-27 04:26:33.227
1338,2020-07-27 04:26:51.897
1339,2020-07-27 04:27:26.227
1340,2020-07-27 04:27:49.320
1341,2020-07-27 04:28:09.437
1342,2020-07-27 04:28:38.782
1343,2020-07-27 04:28:52.748
1344,2020-07-27 04:29:06.751
1345,2020-07-27 04:29:51.422
1346,2020-07-27 04:30:01.833
1347,2020-07-27 04:30:35.640
1348,2020-07-27 04:30:43.143
1349,2020-07-27 04:31:39.137
1350,2020-07-27 04:31:48.073
1351,2020-07-27 04:32:37.306
1352,2020-07-27 04:33:02.523
1353,2020-07-27 04:33:24.060
1354,2020-07-27 04:34:15.713
1355,2020-07-27 04:34:23.378
1356,2020-07-27 04:34:31.535
1357,2020-07-27 04:35:50.630
1358,2020-07-27 04:37:52.145
1359,2020-07-27 04:38:39.114
1360,2020-07-27 04:38:40.768
1361,2020-07-27 04:39:05.341
1362,2020-07-27 04:39:06.465
1363,2020-07-27 04:39:11.859
1364,2020-07-27 04:39:36.678
1365,2020-07-27 04:39:41.222
1366,2020-07-27 04:39:42.074
1367,2020-07-27 04:40:06.865
1368,2020-07-27 04:40:54.915
1369,2020-07-27 04:40:57.842
1370,2020-07-27 04:41:53.537
1371,2020-07-27 04:42:22.800
1372,2020-07-27 04:43:03.661
1373,2020-07-27 04:43:06.460
1374,2020-07-27 04:43:35.936
1375,2020-07-27 04:43:58.858
1376,2020-07-27 04:45:02.845
1377,2020-07-27 04:46:35.124
1378,2020-07-27 04:46:48.678
1379,2020-07-27 04:47:39.837
1380,2020-07-27 04:48:38.623
1381,2020-07-27 04:48:58.425
1382,2020-07-27 04:50:09.699
1383,2020-07-27 04:51:06.903
1384,2020-07-27 04:51:24.060
1385,2020-07-27 04:51:42.098
1386,2020-07-27 04:53:19.939
1387,2020-07-27 04:54:15.295
1388,2020-07-27 04:55:16.977
1389,2020-07-27 04:55:23.650
1390,2020-07-27 04:55:27.118
1391,2020-07-27 04:56:20.156
1392,2020-07-27 04:56:34.852
1393,2020-07-27 04:56:41.599
1394,2020-07-27 04:57:36.401
1395,2020-07-27 04:58:31.675
1396,2020-07-27 04:58:47.623
1397,2020-07-27 04:58:50.296
1398,2020-07-27 04:59:01.855
1399,2020-07-27 04:59:45.314
1400,2020-07-27 05:00:35.767
1401,2020-07-27 05:01:02.151
1402,2020-07-27 05:02:32.829
1403,2020-07-27 05:02:52.926
1404,2020-07-27 05:03:03.828
1405,2020-07-27 05:04:02.950
1406,2020-07-27 05:04:18.470
1407,2020-07-27 05:04:47.481
1408,2020-07-27 05:05:08.854
1409,2020-07-27 05:05:22.429
1410,2020-07-27 05:05:34.190
1411,2020-07-27 05:05:51.628
1412,2020-07-27 05:07:19.908
1413,2020-07-27 05:07:36.927
1414,2020-07-27 05:08:07.001
1415,2020-07-27 05:08:11.755
1416,2020-07-27 05:08:13.068
1417,2020-07-27 05:08:14.317
1418,2020-07-27 05:08:24.497
1419,2020-07-27 05:08:58.616
1420,2020-07-27 05:09:19.690
1421,2020-07-27 05:09:32.759
1422,2020-07-27 05:10:01.769
1423,2020-07-27 05:10:02.222
1424,2020-07-27 05:11:43.382
1425,2020-07-27 05:13:34.310
1426,2020-07-27 05:13:47.448
1427,2020-07-27 05:13:58.724
1428,2020-07-27 05:14:22.067
1429,2020-07-27 05:15:04.693
1430,2020-07-27 05:15:52.100
1431,2020-07-27 05:15:58.696
1432,2020-07-27 05:16:55.793
1433,2020-07-27 05:17:04.170
1434,2020-07-27 05:17:10.089
1435,2020-07-27 05:17:21.270
1436,2020-07-27 05:17:43.492
1437,2020-07-27 05:20:34.202
1438,2020-07-27 05:21:11.527
1439,2020-07-27 05:22:47.017
1440,2020-07-27 05:23:08.453
1441,2020-07-27 05:23:11.279
1442,2020-07-27 05:23:57.270
1443,2020-07-27 05:25:00.854
1444,2020-07-27 05:26:26.494
1445,2020-07-27 05:26:29.376
1446,2020-07-27 05:26:46.666
1447,2020-07-27 05:27:01.135
1448,2020-07-27 05:27:17.103
1449,2020-07-27 05:29:18.798
1450,2020-07-27 05:29:44.077
1451,2020-07-27 05:30:29.864
1452,2020-07-27 05:30:40.567
1453,2020-07-27 05:31:32.599
1454,2020-07-27 05:31:58.269
1455,2020-07-27 05:32:01.892
1456,2020-07-27 05:32:12.427
1457,2020-07-27 05:32:19.555
1458,2020-07-27 05:32:47.341
1459,2020-07-27 05:33:56.977
1460,2020-07-27 05:34:10.672
1461,2020-07-27 05:34:30.215
1462,2020-07-27 05:34:44.235
1463,2020-07-27 05:35:30.171
1464,2020-07-27 05:36:07.015
1465,2020-07-27 05:36:20.889
1466,2020-07-27 05:36:51.608
1467,2020-07-27 05:38:13.033
1468,2020-07-27 05:39:21.549
1469,2020-07-27 05:40:39.443
1470,2020-07-27 05:40:48.271
1471,2020-07-27 05:41:31.919
1472,2020-07-27 05:42:50.410
1473,2020-07-27 05:42:56.883
1474,2020-07-27 05:43:11.432
1475,2020-07-27 05:43:30.833
1476,2020-07-27 05:43:56.356
1477,2020-07-27 05:43:57.443
1478,2020-07-27 05:44:12.981
1479,2020-07-27 05:44:14.688
1480,2020-07-27 05:44:58.845
1481,2020-07-27 05:45:02.048
1482,2020-07-27 05:45:06.843
1483,2020-07-27 05:45:58.072
1484,2020-07-27 05:47:17.892
1485,2020-07-27 05:47:51.852
1486,2020-07-27 05:48:25.989
1487,2020-07-27 05:49:19.084
1488,2020-07-27 05:49:24.902
1489,2020-07-27 05:49:46.146
1490,2020-07-27 05:50:15.927
1491,2020-07-27 05:50:35.519
1492,2020-07-27 05:50:52.492
1493,2020-07-27 05:51:25.965
1494,2020-07-27 05:52:27.656
1495,2020-07-27 05:55:03.497
1496,2020-07-27 05:56:01.268
1497,2020-07-27 05:57:04.341
1498,2020-07-27 05:58:24.890
1499,2020-07-27 05:58:53.895
1500,2020-07-27 05:59:42.372
1501,2020-07-27 05:59:55.151
1502,2020-07-27 05:59:55.748
1503,2020-07-27 06:02:08.553
1504,2020-07-27 06:02:40.438
1505,2020-07-27 06:03:05.694
1506,2020-07-27 06:03:07.844
1507,2020-07-27 06:04:31.672
1508,2020-07-27 06:04:42.400
1509,2020-07-27 06:05:16.148
1510,2020-07-27 06:05:18.638
1511,2020-07-27 06:06:11.475
1512,2020-07-27 06:07:00.282
1513,2020-07-27 06:07:30.964
1514,2020-07-27 06:07:39.021
1515,2020-07-27 06:08:02.927
1516,2020-07-27 06:08:19.395
1517,2020-07-27 06:08:19.424
1518,2020-07-27 06:09:19.775
1519,2020-07-27 06:09:42.766
1520,2020-07-27 06:09:45.647
1521,2020-07-27 06:10:28.919
1522,2020-07-27 06:10:29.270
1523,2020-07-27 06:10:32.051
1524,2020-07-27 06:10:42.991
1525,2020-07-27 06:10:53.310
1526,2020-07-27 06:11:46.656
1527,2020-07-27 06:12:05.675
1528,2020-07-27 06:12:10.813
1529,2020-07-27 06:12:35.069
1530,2020-07-27 06:12:39.010
1531,2020-07-27 06:12:56.872
1532,2020-07-27 06:13:01.298
1533,2020-07-27 06:13:10.680
1534,2020-07-27 06:15:40.779
1535,2020-07-27 06:17:35.251
1536,2020-07-27 06:18:58.655
1537,2020-07-27 06:19:19.496
1538,2020-07-27 06:19:35.304
1539,2020-07-27 06:20:08.920
1540,2020-07-27 06:20:35.963
1541,2020-07-27 06:20:40.556
1542,2020-07-27 06:20:50.773
1543,2020-07-27 06:21:41.035
1544,2020-07-27 06:22:22.261
1545,2020-07-27 06:24:26.056
1546,2020-07-27 06:24:32.998
1547,2020-07-27 06:25:19.961
1548,2020-07-27 06:26:12.016
1549,2020-07-27 06:26:28.064
1550,2020-07-27 06:26:39.473
1551,2020-07-27 06:27:31.641
1552,2020-07-27 06:28:11.837
1553,2020-07-27 06:28:35.621
1554,2020-07-27 06:29:29.130
1555,2020-07-27 06:30:05.935
1556,2020-07-27 06:30:07.760
1557,2020-07-27 06:30:35.057
1558,2020-07-27 06:30:51.667
1559,2020-07-27 06:31:12.648
1560,2020-07-27 06:31:15.160
1561,2020-07-27 06:32:01.812
1562,2020-07-27 06:34:37.623
1563,2020-07-27 06:34:38.693
1564,2020-07-27 06:36:05.557
1565,2020-07-27 06:36:34.322
1566,2020-07-27 06:37:39.341
1567,2020-07-27 06:38:09.776
1568,2020-07-27 06:38:10.579
1569,2020-07-27 06:38:58.680
1570,2020-07-27 06:39:04.737
1571,2020-07-27 06:39:30.409
1572,2020-07-27 06:40:41.036
1573,2020-07-27 06:41:38.331
1574,2020-07-27 06:43:10.860
1575,2020-07-27 06:43:26.124
1576,2020-07-27 06:44:03.529
1577,2020-07-27 06:44:17.163
1578,2020-07-27 06:44:17.893
1579,2020-07-27 06:44:31.445
1580,2020-07-27 06:44:52.730
1581,2020-07-27 06:47:12.326
1582,2020-07-27 06:47:23.345
1583,2020-07-27 06:47:27.319
1584,2020-07-27 06:47:41.783
1585,2020-07-27 06:48:25.231
1586,2020-07-27 06:49:22.837
1587,2020-07-27 06:49:43.851
1588,2020-07-27 06:50:27.859
1589,2020-07-27 06:50:30.985
1590,2020-07-27 06:50:50.947
1591,2020-07-27 06:51:35.051
1592,2020-07-27 06:51:48.013
1593,2020-07-27 06:51:55.510
1594,2020-07-27 06:52:00.960
1595,2020-07-27 06:52:41.593
1596,2020-07-27 06:53:01.101
1597,2020-07-27 06:54:10.924
1598,2020-07-27 06:57:24.820
1599,2020-07-27 06:57:26.613
1600,2020-07-27 06:57:27.236
1601,2020-07-27 06:58:17.735
1602,2020-07-27 06:59:14.043
1603,2020-07-27 07:01:35.738
1604,2020-07-27 07:05:02.803
1605,2020-07-27 07:07:05.063
1606,2020-07-27 07:07:12.235
1607,2020-07-27 07:07:55.766
1608,2020-07-27 07:09:49.569
1609,2020-07-27 07:09:56.252
1610,2020-07-27 07:11:59.593
1611,2020-07-27 07:12:25.097
1612,2020-07-27 07:13:08.985
1613,2020-07-27 07:13:49.577
1614,2020-07-27 07:15:17.293
1615,2020-07-27 07:15:55.202
1616,2020-07-27 07:16:37.047
1617,2020-07-27 07:17:26.792
1618,2020-07-27 07:20:47.526
1619,2020-07-27 07:21:25.099
1620,2020-07-27 07:22:15.134
1621,2020-07-27 07:23:15.586
1622,2020-07-27 07:23:21.283
1623,2020-07-27 07:23:45.543
1624,2020-07-27 07:25:24.266
1625,2020-07-27 07:25:38.157
1626,2020-07-27 07:26:27.143
1627,2020-07-27 07:26:30.436
1628,2020-07-27 07:27:11.650
1629,2020-07-27 07:27:36.862
1630,2020-07-27 07:30:07.348
1631,2020-07-27 07:31:51.781
1632,2020-07-27 07:32:03.291
1633,2020-07-27 07:33:47.192
1634,2020-07-27 07:35:12.808
1635,2020-07-27 07:36:50.144
1636,2020-07-27 07:37:00.274
1637,2020-07-27 07:37:47.211
1638,2020-07-27 07:38:52.965
1639,2020-07-27 07:40:45.014
1640,2020-07-27 07:40:50.286
1641,2020-07-27 07:41:41.160
1642,2020-07-27 07:43:26.393
1643,2020-07-27 07:43:27.598
1644,2020-07-27 07:43:42.946
1645,2020-07-27 07:45:08.244
1646,2020-07-27 07:46:08.593
1647,2020-07-27 07:46:18.427
1648,2020-07-27 07:46:53.944
1649,2020-07-27 07:47:08.538
1650,2020-07-27 07:47:39.367
1651,2020-07-27 07:49:02.089
1652,2020-07-27 07:49:46.304
